id,image,title,lat,lng,comment,season,parking,parkingfee,closeststation,time,url
148,![桜咲;桜じゃないけど](https://dxclhyyx7t596.cloudfront.net/uploads/200_20230402062738.png),桜咲,34.5039299,135.805895,桜と菜の花のコラボレーション,,,,,,https://yumake-inc.github.io/saku-saku/more.html?id=148
149,![桜咲;桜じゃないけど](https://dxclhyyx7t596.cloudfront.net/uploads/200_20230402063001.png),桜咲,34.5040112,135.806108,,,,,,,https://yumake-inc.github.io/saku-saku/more.html?id=149
150,![桜咲;桜じゃないけど](https://dxclhyyx7t596.cloudfront.net/uploads/200_20230402063809.png),桜咲,34.504393,135.807026,,,,,,,https://yumake-inc.github.io/saku-saku/more.html?id=150
138,![桜咲;桜じゃないけど](https://dxclhyyx7t596.cloudfront.net/uploads/290_20230401080312.png),桜咲,34.5816529,135.88029,天理ダム風致公園,,,,,,https://yumake-inc.github.io/saku-saku/more.html?id=138
80,![桜咲;桜じゃないけど](https://dxclhyyx7t596.cloudfront.net/uploads/290_20230329082945.png),桜咲,34.6001889,135.828907,SLと一緒に桜が見れます,,,,,,https://yumake-inc.github.io/saku-saku/more.html?id=80
84,![桜咲;桜じゃないけど](https://dxclhyyx7t596.cloudfront.net/uploads/290_20230329091010.png),桜咲,34.600689,135.845368,天理教敷地内には多くの桜が植樹されています,,,,,,https://yumake-inc.github.io/saku-saku/more.html?id=84
85,![桜咲;桜じゃないけど](https://dxclhyyx7t596.cloudfront.net/uploads/290_20230329091411.png),桜咲,34.6023612,135.843112,天理教のしだれ桜,,,,,,https://yumake-inc.github.io/saku-saku/more.html?id=85
143,![桜咲;桜じゃないけど](https://dxclhyyx7t596.cloudfront.net/uploads/290_20230402004920.png),桜咲,34.6037223,135.821505,,,,,,,https://yumake-inc.github.io/saku-saku/more.html?id=143
86,![桜咲;桜じゃないけど](https://dxclhyyx7t596.cloudfront.net/uploads/290_20230329091613.png),桜咲,34.6049307,135.84325,しだれ桜の側にも立派な桜が咲いています,,,,,,https://yumake-inc.github.io/saku-saku/more.html?id=86
111,![桜咲;桜じゃないけど](https://dxclhyyx7t596.cloudfront.net/uploads/290_20230330082354.png),桜咲,34.6049851,135.843193,豊田神社の一本桜,,,,,,https://yumake-inc.github.io/saku-saku/more.html?id=111
79,![桜咲;桜じゃないけど](https://dxclhyyx7t596.cloudfront.net/uploads/290_20230329081422.png),桜咲,34.6051167,135.830611,公園でなごみながら見るお花見が楽しめます。,,,,,,https://yumake-inc.github.io/saku-saku/more.html?id=79
83,![桜咲;桜じゃないけど](https://dxclhyyx7t596.cloudfront.net/uploads/290_20230329090238.png),桜咲,34.605456,135.845572,,,,,,,https://yumake-inc.github.io/saku-saku/more.html?id=83
110,![桜咲;桜じゃないけど](https://dxclhyyx7t596.cloudfront.net/uploads/290_20230330081438.png),桜咲,34.6074464,135.838222,小学校の通学路にもなっている豊田町の桜並木,,,,,,https://yumake-inc.github.io/saku-saku/more.html?id=110
146,![桜咲;桜じゃないけど](https://dxclhyyx7t596.cloudfront.net/uploads/290_20230402010418.png),桜咲,34.6200496,135.823087,河川敷の桜並木,,,,,,https://yumake-inc.github.io/saku-saku/more.html?id=146
121,![桜咲;桜じゃないけど](https://dxclhyyx7t596.cloudfront.net/uploads/290_20230331083429.png),桜咲,34.6251999,135.834682,櫟本高塚公園は古代の豪族和邇(わに)氏にまつわるとされ、高塚遺跡を保存するために公園として整備されました。\n傾斜を利用して植えられた桜は見ごたえ十分！,,,,,,https://yumake-inc.github.io/saku-saku/more.html?id=121
8,![桜咲;桜じゃないけど](https://dxclhyyx7t596.cloudfront.net/uploads/154_20230321040957.png),桜咲;菜の花,34.6726813,135.806227,,,,,,,https://yumake-inc.github.io/saku-saku/more.html?id=8
27,![桜咲;桜じゃないけど](https://dxclhyyx7t596.cloudfront.net/uploads/154_20230325034131.png),桜咲;満開,34.6739498,135.806451,,,,,,,https://yumake-inc.github.io/saku-saku/more.html?id=27
9,![桜咲;桜じゃないけど](https://dxclhyyx7t596.cloudfront.net/uploads/154_20230321041342.png),桜咲,34.6740204,135.806023,,,,,,,https://yumake-inc.github.io/saku-saku/more.html?id=9
28,![桜咲;桜じゃないけど](https://dxclhyyx7t596.cloudfront.net/uploads/154_20230325034149.png),桜咲;満開,34.6740224,135.806236,,,,,,,https://yumake-inc.github.io/saku-saku/more.html?id=28
7,![桜咲;桜じゃないけど](https://dxclhyyx7t596.cloudfront.net/uploads/154_20230321040403.png),桜咲;蕾,34.6740294,135.806141,春は近い,,,,,,https://yumake-inc.github.io/saku-saku/more.html?id=7
26,![桜咲;桜じゃないけど](https://dxclhyyx7t596.cloudfront.net/uploads/154_20230325031446.png),桜咲;満開,34.6743252,135.806088,,,,,,,https://yumake-inc.github.io/saku-saku/more.html?id=26
25,![桜咲;桜じゃないけど](https://dxclhyyx7t596.cloudfront.net/uploads/154_20230325031240.png),桜咲;満開,34.6754392,135.806111,,,,,,,https://yumake-inc.github.io/saku-saku/more.html?id=25
6,![桜咲;桜じゃないけど](https://dxclhyyx7t596.cloudfront.net/uploads/154_20230321035639.png),桜咲,34.6758657,135.80624,五分咲きの木もある。全体としてはまだまだ,,,,,,https://yumake-inc.github.io/saku-saku/more.html?id=6
29,![桜咲;桜じゃないけど](https://dxclhyyx7t596.cloudfront.net/uploads/154_20230325035104.png),桜咲;満開,34.6759363,135.806482,,,,,,,https://yumake-inc.github.io/saku-saku/more.html?id=29
10,![桜咲;桜じゃないけど](https://dxclhyyx7t596.cloudfront.net/uploads/154_20230321041657.png),桜咲,34.6759469,135.806276,来週あたりは良さそう！,,,,,,https://yumake-inc.github.io/saku-saku/more.html?id=10
30,![桜咲;桜じゃないけど](https://dxclhyyx7t596.cloudfront.net/uploads/154_20230325035230.png),桜咲;満開,34.6762694,135.806259,,,,,,,https://yumake-inc.github.io/saku-saku/more.html?id=30
132,![桜咲;桜じゃないけど](https://dxclhyyx7t596.cloudfront.net/uploads/200_20230401061852.png),桜咲,34.6849332,135.688985,,,,,,,https://yumake-inc.github.io/saku-saku/more.html?id=132
133,![桜咲;桜じゃないけど](https://dxclhyyx7t596.cloudfront.net/uploads/200_20230401062117.png),桜咲,34.6851905,135.689564,,,,,,,https://yumake-inc.github.io/saku-saku/more.html?id=133
134,![桜咲;桜じゃないけど](https://dxclhyyx7t596.cloudfront.net/uploads/200_20230401062330.png),桜咲,34.6851995,135.689626,,,,,,,https://yumake-inc.github.io/saku-saku/more.html?id=134
135,![桜咲;桜じゃないけど](https://dxclhyyx7t596.cloudfront.net/uploads/200_20230401062701.png),桜咲,34.6858496,135.68985,,,,,,,https://yumake-inc.github.io/saku-saku/more.html?id=135
136,![桜咲;桜じゃないけど](https://dxclhyyx7t596.cloudfront.net/uploads/200_20230401062740.png),桜咲,34.6859117,135.689834,,,,,,,https://yumake-inc.github.io/saku-saku/more.html?id=136
137,![桜咲;桜じゃないけど](https://dxclhyyx7t596.cloudfront.net/uploads/200_20230401063151.png),桜咲,34.6860353,135.690024,,,,,,,https://yumake-inc.github.io/saku-saku/more.html?id=137
34,![桜咲;桜じゃないけど](https://dxclhyyx7t596.cloudfront.net/uploads/200_20230326011204.png),桜咲,34.6912107,135.694829,,,,,,,https://yumake-inc.github.io/saku-saku/more.html?id=34
1,![桜咲;桜じゃないけど](https://dxclhyyx7t596.cloudfront.net/uploads/154_20230315011534.png),桜咲;桜じゃないけど,34.6915626,135.695117,梅かな？,,,,,,https://yumake-inc.github.io/saku-saku/more.html?id=1
2,![桜咲;桜じゃないけど](https://dxclhyyx7t596.cloudfront.net/uploads/154_20230315012642.png),桜咲;桜じゃないけど,34.6917167,135.696114,,,,,,,https://yumake-inc.github.io/saku-saku/more.html?id=2
11,![桜咲;桜じゃないけど](https://dxclhyyx7t596.cloudfront.net/uploads/154_20230322005309.png),桜咲,34.692409,135.700399,少しだけ開花してる,,,,,,https://yumake-inc.github.io/saku-saku/more.html?id=11
151,![桜咲;桜じゃないけど](https://dxclhyyx7t596.cloudfront.net/uploads/154_20230402081901.png),桜咲,34.6961558,135.826556,,,,,,,https://yumake-inc.github.io/saku-saku/more.html?id=151
60,![桜咲;桜じゃないけど](https://dxclhyyx7t596.cloudfront.net/uploads/275_20230328155351.png),桜咲,34.698827,135.75813,,,,,,,https://yumake-inc.github.io/saku-saku/more.html?id=60
59,![桜咲;桜じゃないけど](https://dxclhyyx7t596.cloudfront.net/uploads/275_20230328155301.png),桜咲,34.6988562,135.758696,,,,,,,https://yumake-inc.github.io/saku-saku/more.html?id=59
14,![桜咲;桜じゃないけど](https://dxclhyyx7t596.cloudfront.net/uploads/275_20230323221106.png),桜咲,34.7004765,135.750607,,,,,,,https://yumake-inc.github.io/saku-saku/more.html?id=14
23,![桜咲;桜じゃないけど](https://dxclhyyx7t596.cloudfront.net/uploads/154_20230324145454.png),桜咲;夜桜,34.7005327,135.750539,,,,,,,https://yumake-inc.github.io/saku-saku/more.html?id=23
15,![桜咲;桜じゃないけど](https://dxclhyyx7t596.cloudfront.net/uploads/275_20230323221139.png),桜咲,34.7006342,135.75059,,,,,,,https://yumake-inc.github.io/saku-saku/more.html?id=15
22,![桜咲;桜じゃないけど](https://dxclhyyx7t596.cloudfront.net/uploads/154_20230324073153.png),桜咲,34.7043949,135.733247,,,,,,,https://yumake-inc.github.io/saku-saku/more.html?id=22
17,![桜咲;桜じゃないけど](https://dxclhyyx7t596.cloudfront.net/uploads/154_20230324004202.png),桜咲,34.7050574,135.746567,,,,,,,https://yumake-inc.github.io/saku-saku/more.html?id=17
61,![桜咲;桜じゃないけど](https://dxclhyyx7t596.cloudfront.net/uploads/154_20230329005122.png),桜咲,34.7052222,135.737208,,,,,,,https://yumake-inc.github.io/saku-saku/more.html?id=61
21,![桜咲;桜じゃないけど](https://dxclhyyx7t596.cloudfront.net/uploads/154_20230324070743.png),桜咲,34.7052496,135.733852,,,,,,,https://yumake-inc.github.io/saku-saku/more.html?id=21
20,![桜咲;桜じゃないけど](https://dxclhyyx7t596.cloudfront.net/uploads/154_20230324070726.png),桜咲,34.7053668,135.734994,,,,,,,https://yumake-inc.github.io/saku-saku/more.html?id=20
16,![桜咲;桜じゃないけど](https://dxclhyyx7t596.cloudfront.net/uploads/154_20230324003920.png),桜咲,34.7054125,135.746846,,,,,,,https://yumake-inc.github.io/saku-saku/more.html?id=16
24,![桜咲;桜じゃないけど](https://dxclhyyx7t596.cloudfront.net/uploads/154_20230324150147.png),桜咲;夜桜,34.7059894,135.750232,,,,,,,https://yumake-inc.github.io/saku-saku/more.html?id=24
152,![桜咲;桜じゃないけど](https://dxclhyyx7t596.cloudfront.net/uploads/154_20230403020001.png),桜咲,34.7065762,135.749448,,,,,,,https://yumake-inc.github.io/saku-saku/more.html?id=152
19,![桜咲;桜じゃないけど](https://dxclhyyx7t596.cloudfront.net/uploads/154_20230324070513.png),桜咲,34.706722,135.730937,,,,,,,https://yumake-inc.github.io/saku-saku/more.html?id=19
62,![桜咲;桜じゃないけど](https://dxclhyyx7t596.cloudfront.net/uploads/154_20230329005219.png),桜咲,34.7070098,135.736695,,,,,,,https://yumake-inc.github.io/saku-saku/more.html?id=62
63,![桜咲;桜じゃないけど](https://dxclhyyx7t596.cloudfront.net/uploads/154_20230329005614.png),桜咲,34.7073276,135.732958,,,,,,,https://yumake-inc.github.io/saku-saku/more.html?id=63
89,![桜咲;桜じゃないけど](https://dxclhyyx7t596.cloudfront.net/uploads/154_20230330011452.png),桜咲,34.7080613,135.745862,,,,,,,https://yumake-inc.github.io/saku-saku/more.html?id=89
147,![桜咲;桜じゃないけど](https://dxclhyyx7t596.cloudfront.net/uploads/154_20230402011610.png),桜咲;桜吹雪,34.7082669,135.744358,,,,,,,https://yumake-inc.github.io/saku-saku/more.html?id=147
100,![桜咲;桜じゃないけど](https://dxclhyyx7t596.cloudfront.net/uploads/154_20230330012946.png),桜咲,34.708307,135.752364,,,,,,,https://yumake-inc.github.io/saku-saku/more.html?id=100
142,![桜咲;桜じゃないけど](https://dxclhyyx7t596.cloudfront.net/uploads/154_20230402004925.png),桜咲,34.7084297,135.743907,,,,,,,https://yumake-inc.github.io/saku-saku/more.html?id=142
99,![桜咲;桜じゃないけど](https://dxclhyyx7t596.cloudfront.net/uploads/154_20230330012924.png),桜咲,34.7084498,135.752479,,,,,,,https://yumake-inc.github.io/saku-saku/more.html?id=99
88,![桜咲;桜じゃないけど](https://dxclhyyx7t596.cloudfront.net/uploads/154_20230330011343.png),桜咲,34.7085181,135.745964,,,,,,,https://yumake-inc.github.io/saku-saku/more.html?id=88
91,![桜咲;桜じゃないけど](https://dxclhyyx7t596.cloudfront.net/uploads/154_20230330012002.png),桜咲,34.7085193,135.749192,,,,,,,https://yumake-inc.github.io/saku-saku/more.html?id=91
87,![桜咲;桜じゃないけど](https://dxclhyyx7t596.cloudfront.net/uploads/154_20230330011307.png),桜咲,34.7087459,135.746167,,,,,,,https://yumake-inc.github.io/saku-saku/more.html?id=87
92,![桜咲;桜じゃないけど](https://dxclhyyx7t596.cloudfront.net/uploads/154_20230330012314.png),桜咲,34.7087498,135.752745,,,,,,,https://yumake-inc.github.io/saku-saku/more.html?id=92
145,![桜咲;桜じゃないけど](https://dxclhyyx7t596.cloudfront.net/uploads/154_20230402005208.png),桜咲;桜吹雪,34.7087968,135.743553,,,,,,,https://yumake-inc.github.io/saku-saku/more.html?id=145
90,![桜咲;桜じゃないけど](https://dxclhyyx7t596.cloudfront.net/uploads/154_20230330011910.png),桜咲,34.7088029,135.748686,,,,,,,https://yumake-inc.github.io/saku-saku/more.html?id=90
144,![桜咲;桜じゃないけど](https://dxclhyyx7t596.cloudfront.net/uploads/154_20230402005118.png),桜咲,34.7088808,135.743525,,,,,,,https://yumake-inc.github.io/saku-saku/more.html?id=144
98,![桜咲;桜じゃないけど](https://dxclhyyx7t596.cloudfront.net/uploads/154_20230330012824.png),桜咲;満開,34.7089092,135.752952,,,,,,,https://yumake-inc.github.io/saku-saku/more.html?id=98
97,![桜咲;桜じゃないけど](https://dxclhyyx7t596.cloudfront.net/uploads/154_20230330012753.png),桜咲;満開,34.7089777,135.753005,,,,,,,https://yumake-inc.github.io/saku-saku/more.html?id=97
96,![桜咲;桜じゃないけど](https://dxclhyyx7t596.cloudfront.net/uploads/154_20230330012711.png),桜咲;満開,34.7090509,135.753291,,,,,,,https://yumake-inc.github.io/saku-saku/more.html?id=96
95,![桜咲;桜じゃないけど](https://dxclhyyx7t596.cloudfront.net/uploads/154_20230330012607.png),桜咲,34.7091009,135.754195,,,,,,,https://yumake-inc.github.io/saku-saku/more.html?id=95
94,![桜咲;桜じゃないけど](https://dxclhyyx7t596.cloudfront.net/uploads/154_20230330012459.png),桜咲,34.7091363,135.754172,,,,,,,https://yumake-inc.github.io/saku-saku/more.html?id=94
93,![桜咲;桜じゃないけど](https://dxclhyyx7t596.cloudfront.net/uploads/154_20230330012442.png),桜咲,34.709217,135.754229,,,,,,,https://yumake-inc.github.io/saku-saku/more.html?id=93
3,![桜咲;桜じゃないけど](https://dxclhyyx7t596.cloudfront.net/uploads/154_20230319010215.png),桜咲;川沿い,34.7093658,135.730469,,,,,,,https://yumake-inc.github.io/saku-saku/more.html?id=3
5,![桜咲;桜じゃないけど](https://dxclhyyx7t596.cloudfront.net/uploads/154_20230319010624.png),桜咲;満開,34.7098187,135.729979,,,,,,,https://yumake-inc.github.io/saku-saku/more.html?id=5
4,![桜咲;桜じゃないけど](https://dxclhyyx7t596.cloudfront.net/uploads/154_20230319010515.png),桜咲;川沿い,34.7098329,135.730094,,,,,,,https://yumake-inc.github.io/saku-saku/more.html?id=4
155,![桜咲;桜じゃないけど](https://dxclhyyx7t596.cloudfront.net/uploads/154_20230409003706.png),桜咲;ふわふわ,34.7106083,135.753036,,,,,,,https://yumake-inc.github.io/saku-saku/more.html?id=155
154,![桜咲;桜じゃないけど](https://dxclhyyx7t596.cloudfront.net/uploads/154_20230409003634.png),桜咲;ふわふわ,34.7107629,135.752979,,,,,,,https://yumake-inc.github.io/saku-saku/more.html?id=154
33,![桜咲;桜じゃないけど](https://dxclhyyx7t596.cloudfront.net/uploads/154_20230326005112.png),桜咲;ノスタルジー,34.7116787,135.72656,,,,,,,https://yumake-inc.github.io/saku-saku/more.html?id=33
32,![桜咲;桜じゃないけど](https://dxclhyyx7t596.cloudfront.net/uploads/154_20230326005026.png),桜咲;ノスタルジー,34.7119359,135.72587,,,,,,,https://yumake-inc.github.io/saku-saku/more.html?id=32
64,![桜咲;桜じゃないけど](https://dxclhyyx7t596.cloudfront.net/uploads/154_20230329010358.png),桜咲;ISTA,34.7183305,135.723364,,,,,,,https://yumake-inc.github.io/saku-saku/more.html?id=64
65,![桜咲;桜じゃないけど](https://dxclhyyx7t596.cloudfront.net/uploads/154_20230329010435.png),桜咲;ISTA,34.7183414,135.723093,,,,,,,https://yumake-inc.github.io/saku-saku/more.html?id=65
66,![桜咲;桜じゃないけど](https://dxclhyyx7t596.cloudfront.net/uploads/154_20230329010653.png),桜咲,34.7186655,135.723341,並木があるのかな,,,,,,https://yumake-inc.github.io/saku-saku/more.html?id=66
12,![桜咲;桜じゃないけど](https://dxclhyyx7t596.cloudfront.net/uploads/154_20230323002231.png),桜咲,34.7189781,135.7435,,,,,,,https://yumake-inc.github.io/saku-saku/more.html?id=12
112,![桜咲;桜じゃないけど](https://dxclhyyx7t596.cloudfront.net/uploads/154_20230330234104.png),桜咲,34.7245253,135.744357,だいぶ散ってしまった,,,,,,https://yumake-inc.github.io/saku-saku/more.html?id=112
69,![桜咲;桜じゃないけど](https://dxclhyyx7t596.cloudfront.net/uploads/154_20230329011437.png),桜咲,34.7261923,135.726425,,,,,,,https://yumake-inc.github.io/saku-saku/more.html?id=69
68,![桜咲;桜じゃないけど](https://dxclhyyx7t596.cloudfront.net/uploads/154_20230329011408.png),桜咲,34.7262582,135.72665,,,,,,,https://yumake-inc.github.io/saku-saku/more.html?id=68
67,![桜咲;桜じゃないけど](https://dxclhyyx7t596.cloudfront.net/uploads/154_20230329011311.png),桜咲,34.7266838,135.726551,,,,,,,https://yumake-inc.github.io/saku-saku/more.html?id=67
104,![桜咲;桜じゃないけど](https://dxclhyyx7t596.cloudfront.net/uploads/200_20230330041309.png),桜咲,34.7269158,135.751728,,,,,,,https://yumake-inc.github.io/saku-saku/more.html?id=104
102,![桜咲;桜じゃないけど](https://dxclhyyx7t596.cloudfront.net/uploads/154_20230330024747.png),桜咲,34.7269222,135.750476,,,,,,,https://yumake-inc.github.io/saku-saku/more.html?id=102
101,![桜咲;桜じゃないけど](https://dxclhyyx7t596.cloudfront.net/uploads/154_20230330024648.png),桜咲,34.7269451,135.750774,,,,,,,https://yumake-inc.github.io/saku-saku/more.html?id=101
105,![桜咲;桜じゃないけど](https://dxclhyyx7t596.cloudfront.net/uploads/200_20230330041724.png),桜咲,34.7282638,135.753232,,,,,,,https://yumake-inc.github.io/saku-saku/more.html?id=105
249,![桜咲;桜じゃないけど](https://dxclhyyx7t596.cloudfront.net/uploads/154_20230424005727.png),桜咲,34.728487,135.745314,とんでもない遅咲きの桜を発見,,,,,,https://yumake-inc.github.io/saku-saku/more.html?id=249
103,![桜咲;桜じゃないけど](https://dxclhyyx7t596.cloudfront.net/uploads/154_20230330025604.png),桜咲,34.7286594,135.743988,,,,,,,https://yumake-inc.github.io/saku-saku/more.html?id=103
81,![桜咲;桜じゃないけど](https://dxclhyyx7t596.cloudfront.net/uploads/154_20230329083307.png),桜咲,34.7294859,135.731138,,,,,,,https://yumake-inc.github.io/saku-saku/more.html?id=81
141,![桜咲;桜じゃないけど](https://dxclhyyx7t596.cloudfront.net/uploads/154_20230402001954.png),桜咲,34.7315196,135.735185,,,,,,,https://yumake-inc.github.io/saku-saku/more.html?id=141
153,![桜咲;桜じゃないけど](https://dxclhyyx7t596.cloudfront.net/uploads/154_20230404233633.png),桜咲,34.731527,135.733633,,,,,,,https://yumake-inc.github.io/saku-saku/more.html?id=153
140,![桜咲;桜じゃないけど](https://dxclhyyx7t596.cloudfront.net/uploads/154_20230402001933.png),桜咲,34.7315294,135.735262,,,,,,,https://yumake-inc.github.io/saku-saku/more.html?id=140
139,![桜咲;桜じゃないけど](https://dxclhyyx7t596.cloudfront.net/uploads/154_20230402001748.png),桜咲,34.731637,135.735095,,,,,,,https://yumake-inc.github.io/saku-saku/more.html?id=139
72,![桜咲;桜じゃないけど](https://dxclhyyx7t596.cloudfront.net/uploads/154_20230329012828.png),桜咲;NAIST,34.7317572,135.733785,池のほとり,,,,,,https://yumake-inc.github.io/saku-saku/more.html?id=72
120,![桜咲;桜じゃないけど](https://dxclhyyx7t596.cloudfront.net/uploads/154_20230331001331.png),桜咲,34.7318315,135.733596,,,,,,,https://yumake-inc.github.io/saku-saku/more.html?id=120
73,![桜咲;桜じゃないけど](https://dxclhyyx7t596.cloudfront.net/uploads/200_20230329064700.png),桜咲,34.731881,135.755835,,,,,,,https://yumake-inc.github.io/saku-saku/more.html?id=73
123,![桜咲;桜じゃないけど](https://dxclhyyx7t596.cloudfront.net/uploads/154_20230331233752.png),桜咲,34.7318912,135.736366,,,,,,,https://yumake-inc.github.io/saku-saku/more.html?id=123
31,![桜咲;桜じゃないけど](https://dxclhyyx7t596.cloudfront.net/uploads/275_20230325061300.png),桜咲,34.7318953,135.734918,,,,,,,https://yumake-inc.github.io/saku-saku/more.html?id=31
122,![桜咲;桜じゃないけど](https://dxclhyyx7t596.cloudfront.net/uploads/154_20230331233734.png),桜咲,34.7320912,135.736389,,,,,,,https://yumake-inc.github.io/saku-saku/more.html?id=122
71,![桜咲;桜じゃないけど](https://dxclhyyx7t596.cloudfront.net/uploads/154_20230329012634.png),桜咲;NAIST,34.7322241,135.733142,しだれ,,,,,,https://yumake-inc.github.io/saku-saku/more.html?id=71
13,![桜咲;桜じゃないけど](https://dxclhyyx7t596.cloudfront.net/uploads/154_20230323003741.png),桜咲,34.7322646,135.733515,,,,,,,https://yumake-inc.github.io/saku-saku/more.html?id=13
18,![桜咲;桜じゃないけど](https://dxclhyyx7t596.cloudfront.net/uploads/154_20230324005734.png),桜咲;NAIST,34.7323852,135.731495,,,,,,,https://yumake-inc.github.io/saku-saku/more.html?id=18
70,![桜咲;桜じゃないけど](https://dxclhyyx7t596.cloudfront.net/uploads/154_20230329012149.png),桜咲,34.7327335,135.731501,,,,,,,https://yumake-inc.github.io/saku-saku/more.html?id=70
106,![桜咲;桜じゃないけど](https://dxclhyyx7t596.cloudfront.net/uploads/200_20230330075403.png),桜咲,34.7327951,135.75546,満開,,,,,,https://yumake-inc.github.io/saku-saku/more.html?id=106
107,![桜咲;桜じゃないけど](https://dxclhyyx7t596.cloudfront.net/uploads/200_20230330075449.png),桜咲,34.7329642,135.755428,,,,,,,https://yumake-inc.github.io/saku-saku/more.html?id=107
108,![桜咲;桜じゃないけど](https://dxclhyyx7t596.cloudfront.net/uploads/200_20230330075637.png),桜咲,34.7330791,135.755453,,,,,,,https://yumake-inc.github.io/saku-saku/more.html?id=108
109,![桜咲;桜じゃないけど](https://dxclhyyx7t596.cloudfront.net/uploads/200_20230330075730.png),桜咲,34.7332733,135.755453,,,,,,,https://yumake-inc.github.io/saku-saku/more.html?id=109
119,![桜咲;桜じゃないけど](https://dxclhyyx7t596.cloudfront.net/uploads/154_20230331000046.png),桜咲,34.7348035,135.734087,,,,,,,https://yumake-inc.github.io/saku-saku/more.html?id=119
118,![桜咲;桜じゃないけど](https://dxclhyyx7t596.cloudfront.net/uploads/154_20230331000014.png),桜咲,34.7350557,135.734057,,,,,,,https://yumake-inc.github.io/saku-saku/more.html?id=118
116,![桜咲;桜じゃないけど](https://dxclhyyx7t596.cloudfront.net/uploads/154_20230330235830.png),桜咲,34.735154,135.7333,,,,,,,https://yumake-inc.github.io/saku-saku/more.html?id=116
115,![桜咲;桜じゃないけど](https://dxclhyyx7t596.cloudfront.net/uploads/154_20230330235756.png),桜咲,34.7351808,135.732796,,,,,,,https://yumake-inc.github.io/saku-saku/more.html?id=115
117,![桜咲;桜じゃないけど](https://dxclhyyx7t596.cloudfront.net/uploads/154_20230330235901.png),桜咲,34.7351979,135.733687,,,,,,,https://yumake-inc.github.io/saku-saku/more.html?id=117
114,![桜咲;桜じゃないけど](https://dxclhyyx7t596.cloudfront.net/uploads/154_20230330235722.png),桜咲,34.7352707,135.732683,,,,,,,https://yumake-inc.github.io/saku-saku/more.html?id=114
113,![桜咲;桜じゃないけど](https://dxclhyyx7t596.cloudfront.net/uploads/154_20230330235700.png),桜咲,34.7353515,135.732616,,,,,,,https://yumake-inc.github.io/saku-saku/more.html?id=113
157,![桜咲;桜じゃないけど](https://dxclhyyx7t596.cloudfront.net/uploads/200_20230411063222.png),桜咲,34.7357537,135.691835,,,,,,,https://yumake-inc.github.io/saku-saku/more.html?id=157
156,![桜咲;桜じゃないけど](https://dxclhyyx7t596.cloudfront.net/uploads/200_20230411063137.png),桜咲,34.7358638,135.691895,,,,,,,https://yumake-inc.github.io/saku-saku/more.html?id=156
128,![桜咲;桜じゃないけど](https://dxclhyyx7t596.cloudfront.net/uploads/154_20230401001845.png),桜咲,34.7625565,135.631584,,,,,,,https://yumake-inc.github.io/saku-saku/more.html?id=128
129,![桜咲;桜じゃないけど](https://dxclhyyx7t596.cloudfront.net/uploads/154_20230401025053.png),桜咲,34.7625814,135.63078,,,,,,,https://yumake-inc.github.io/saku-saku/more.html?id=129
131,![桜咲;桜じゃないけど](https://dxclhyyx7t596.cloudfront.net/uploads/154_20230401025651.png),桜咲,34.7626168,135.628725,,,,,,,https://yumake-inc.github.io/saku-saku/more.html?id=131
127,![桜咲;桜じゃないけど](https://dxclhyyx7t596.cloudfront.net/uploads/154_20230401001818.png),桜咲,34.7626463,135.63168,,,,,,,https://yumake-inc.github.io/saku-saku/more.html?id=127
130,![桜咲;桜じゃないけど](https://dxclhyyx7t596.cloudfront.net/uploads/154_20230401025442.png),桜咲,34.7626576,135.628814,,,,,,,https://yumake-inc.github.io/saku-saku/more.html?id=130
124,![桜咲;桜じゃないけど](https://dxclhyyx7t596.cloudfront.net/uploads/154_20230401001333.png),桜咲,34.7633298,135.631887,,,,,,,https://yumake-inc.github.io/saku-saku/more.html?id=124
126,![桜咲;桜じゃないけど](https://dxclhyyx7t596.cloudfront.net/uploads/154_20230401001412.png),桜咲,34.7633916,135.631755,,,,,,,https://yumake-inc.github.io/saku-saku/more.html?id=126
125,![桜咲;桜じゃないけど](https://dxclhyyx7t596.cloudfront.net/uploads/154_20230401001351.png),桜咲,34.7635102,135.631727,,,,,,,https://yumake-inc.github.io/saku-saku/more.html?id=125
74,![桜咲;桜じゃないけど](https://dxclhyyx7t596.cloudfront.net/uploads/200_20230329080412.png),桜咲,35.0031857,135.864269,大津駅ホームから見える桜,,,,,,https://yumake-inc.github.io/saku-saku/more.html?id=74
75,![桜咲;桜じゃないけど](https://dxclhyyx7t596.cloudfront.net/uploads/200_20230329081059.png),桜咲,35.0035718,135.867743,,,,,,,https://yumake-inc.github.io/saku-saku/more.html?id=75
77,![桜咲;桜じゃないけど](https://dxclhyyx7t596.cloudfront.net/uploads/200_20230329081315.png),桜咲,35.003591,135.869521,,,,,,,https://yumake-inc.github.io/saku-saku/more.html?id=77
78,![桜咲;桜じゃないけど](https://dxclhyyx7t596.cloudfront.net/uploads/200_20230329081349.png),桜咲,35.003636,135.869968,,,,,,,https://yumake-inc.github.io/saku-saku/more.html?id=78
76,![桜咲;桜じゃないけど](https://dxclhyyx7t596.cloudfront.net/uploads/200_20230329081158.png),桜咲,35.0036364,135.868362,,,,,,,https://yumake-inc.github.io/saku-saku/more.html?id=76
82,![桜咲;桜じゃないけど](https://dxclhyyx7t596.cloudfront.net/uploads/200_20230329084912.png),桜咲,35.0036744,135.872052,,,,,,,https://yumake-inc.github.io/saku-saku/more.html?id=82
36,![桜咲;桜じゃないけど](https://dxclhyyx7t596.cloudfront.net/uploads/154_20230327032012.png),桜咲;金沢駅,36.5771021,136.649564,,,,,,,https://yumake-inc.github.io/saku-saku/more.html?id=36
35,![桜咲;桜じゃないけど](https://dxclhyyx7t596.cloudfront.net/uploads/154_20230327031625.png),桜咲;金沢駅,36.5781966,136.649404,,,,,,,https://yumake-inc.github.io/saku-saku/more.html?id=35
57,![桜咲;桜じゃないけど](https://dxclhyyx7t596.cloudfront.net/uploads/154_20230328035307.png),桜咲;城,36.6926317,137.211495,,,,,,,https://yumake-inc.github.io/saku-saku/more.html?id=57
56,![桜咲;桜じゃないけど](https://dxclhyyx7t596.cloudfront.net/uploads/154_20230328030240.png),桜咲;城;富山城,36.692906,137.211933,,,,,,,https://yumake-inc.github.io/saku-saku/more.html?id=56
48,![桜咲;桜じゃないけど](https://dxclhyyx7t596.cloudfront.net/uploads/154_20230328023106.png),桜咲,36.6943587,137.209707,,,,,,,https://yumake-inc.github.io/saku-saku/more.html?id=48
47,![桜咲;桜じゃないけど](https://dxclhyyx7t596.cloudfront.net/uploads/154_20230328023045.png),桜咲,36.6944297,137.209924,,,,,,,https://yumake-inc.github.io/saku-saku/more.html?id=47
49,![桜咲;桜じゃないけど](https://dxclhyyx7t596.cloudfront.net/uploads/154_20230328023209.png),桜咲,36.6944382,137.208835,,,,,,,https://yumake-inc.github.io/saku-saku/more.html?id=49
46,![桜咲;桜じゃないけど](https://dxclhyyx7t596.cloudfront.net/uploads/154_20230328022849.png),桜咲;船から,36.6945383,137.212112,,,,,,,https://yumake-inc.github.io/saku-saku/more.html?id=46
50,![桜咲;桜じゃないけど](https://dxclhyyx7t596.cloudfront.net/uploads/154_20230328024203.png),桜咲,36.6946566,137.212495,,,,,,,https://yumake-inc.github.io/saku-saku/more.html?id=50
51,![桜咲;桜じゃないけど](https://dxclhyyx7t596.cloudfront.net/uploads/154_20230328024240.png),桜咲,36.6947407,137.213061,,,,,,,https://yumake-inc.github.io/saku-saku/more.html?id=51
55,![桜咲;桜じゃないけど](https://dxclhyyx7t596.cloudfront.net/uploads/154_20230328025301.png),桜咲,36.69482,137.212991,,,,,,,https://yumake-inc.github.io/saku-saku/more.html?id=55
45,![桜咲;桜じゃないけど](https://dxclhyyx7t596.cloudfront.net/uploads/154_20230328015833.png),桜咲,36.6948924,137.213596,,,,,,,https://yumake-inc.github.io/saku-saku/more.html?id=45
54,![桜咲;桜じゃないけど](https://dxclhyyx7t596.cloudfront.net/uploads/154_20230328025229.png),桜咲,36.6949626,137.213837,,,,,,,https://yumake-inc.github.io/saku-saku/more.html?id=54
52,![桜咲;桜じゃないけど](https://dxclhyyx7t596.cloudfront.net/uploads/154_20230328024345.png),桜咲,36.695069,137.21418,,,,,,,https://yumake-inc.github.io/saku-saku/more.html?id=52
44,![桜咲;桜じゃないけど](https://dxclhyyx7t596.cloudfront.net/uploads/154_20230328015552.png),桜咲,36.6953705,137.215051,,,,,,,https://yumake-inc.github.io/saku-saku/more.html?id=44
43,![桜咲;桜じゃないけど](https://dxclhyyx7t596.cloudfront.net/uploads/154_20230328015419.png),桜咲;川べり,36.695491,137.215384,こりゃ立派,,,,,,https://yumake-inc.github.io/saku-saku/more.html?id=43
42,![桜咲;桜じゃないけど](https://dxclhyyx7t596.cloudfront.net/uploads/154_20230328015202.png),桜咲;トラム,36.6956402,137.215898,こりゃ立派,,,,,,https://yumake-inc.github.io/saku-saku/more.html?id=42
41,![桜咲;桜じゃないけど](https://dxclhyyx7t596.cloudfront.net/uploads/154_20230328015131.png),桜咲,36.6957131,137.215828,こりゃ立派,,,,,,https://yumake-inc.github.io/saku-saku/more.html?id=41
40,![桜咲;桜じゃないけど](https://dxclhyyx7t596.cloudfront.net/uploads/154_20230328014957.png),桜咲,36.6957428,137.216119,,,,,,,https://yumake-inc.github.io/saku-saku/more.html?id=40
53,![桜咲;桜じゃないけど](https://dxclhyyx7t596.cloudfront.net/uploads/154_20230328024726.png),桜咲,36.6961808,137.217169,,,,,,,https://yumake-inc.github.io/saku-saku/more.html?id=53
39,![桜咲;桜じゃないけど](https://dxclhyyx7t596.cloudfront.net/uploads/154_20230328013251.png),桜咲;富山駅,36.7010243,137.212957,,,,,,,https://yumake-inc.github.io/saku-saku/more.html?id=39
58,![桜咲;桜じゃないけど](https://dxclhyyx7t596.cloudfront.net/uploads/154_20230328060028.png),桜咲,36.7010279,137.212795,,,,,,,https://yumake-inc.github.io/saku-saku/more.html?id=58
37,![桜咲;桜じゃないけど](https://dxclhyyx7t596.cloudfront.net/uploads/154_20230327044850.png),桜咲;新高岡駅,36.7265557,137.011546,,,,,,,https://yumake-inc.github.io/saku-saku/more.html?id=37
38,![桜咲;桜じゃないけど](https://dxclhyyx7t596.cloudfront.net/uploads/154_20230327081424.png),桜咲,36.8153295,137.035385,,,,,,,https://yumake-inc.github.io/saku-saku/more.html?id=38